timestamp,lat,lng
1671070381,-24.524847128288517,139.55914014408518
1671062214,-26.128401836112094,139.40560163725198
1670994372,-25.581897025525922,141.41781127744224
1671068347,-24.9930174040099,139.6391266446472
1671087364,-21.2667497349252,139.1543650625271
1671084855,-21.696122395715886,139.4884034228293
1671073787,-23.75868555320289,139.61231640751805
1671081512,-22.53397904964857,139.70857959926138
1671072656,-24.007963310861726,139.55066538924294
1671059097,-25.855449639082522,139.49309143741135
1671074262,-23.644532507873578,139.6070047993284
1671076237,-23.189614288022504,139.7178585264809
1671085008,-21.689797135757775,139.4510822840571
1671061062,-25.913156702392516,139.39968820528244
1670995554,-25.693083791086288,141.209005268227
1671082476,-22.282016646686223,139.67958866689708
1670996161,-25.720482390105325,141.06711051082777
1671067310,-25.22567787860343,139.5625434471532
1671065623,-25.61671035162061,139.35613756418985
1671066397,-25.44124611427964,139.4592275229827
1671059208,-25.866592747943194,139.5158390050588
1671074345,-23.621758974940533,139.6075195176081
1671073744,-23.76490910861001,139.60061518448384
1670997532,-25.728217693940472,140.80208545446044
1671080561,-22.778289572024104,139.79686674302963
1670995659,-25.69358889342405,141.17828885512188
1670993880,-25.542905217525917,141.53427723089942
1671062543,-26.07924444819206,139.39458258213116
1671076133,-23.218979062322223,139.7161931187929
1671064865,-25.81106763954218,139.3309594848679
1671088026,-21.141565097627044,139.26394111211317
1671002657,-25.665063852889357,140.0493852259675
1671076742,-23.06369164664736,139.77970671161148
1671085388,-21.675326559261975,139.34872929793352
1671066188,-25.493514553526744,139.43837690052058
1671075805,-23.31159318075132,139.71096324827113
1671069015,-24.840623694240776,139.62869998991266
1671080681,-22.752530461341276,139.77344505803785
1671087744,-21.188270858218136,139.20652048150592
1670993781,-25.521589975248006,141.54710216980496
1670993734,-25.510964568104697,141.55350706385013
1671065207,-25.72177223323916,139.32950447399986
1670988155,-25.33887016086246,142.3338819574582
1671067084,-25.275965516856704,139.5299233604251
1671086106,-21.571609150743924,139.19894848099307
1671000728,-25.736419948436144,140.23494199261867
1671000164,-25.757436280913527,140.31483868200283
1671075261,-23.41585101791324,139.66637212166754
1671000918,-25.722127717992997,140.231626631542
1670995383,-25.685246157491967,141.25415474545468
1671006230,-25.850266219772873,139.59307924491995
1671000071,-25.756271743550897,140.324188664998
1671062421,-26.10456356790446,139.39612122860606
1671071692,-24.233011185246998,139.45515289926067
1671062869,-26.00861373801998,139.37998529426383
1670997881,-25.75657871135983,140.72075705496812
1671088952,-20.96054933086418,139.41420950064858
1671088715,-21.022246170875942,139.4010951362644
1671005514,-25.783103291771656,139.69692595863472
1671066491,-25.417545321955057,139.46937225707367
1670995707,-25.697123567285082,141.1677137621023
1671062994,-25.984017793309793,139.37173020281475
1671065744,-25.59421849274181,139.3721743649541
1671072074,-24.143251141502535,139.50921585440008
1671083234,-22.079022121350103,139.61367454976346
1670987554,-25.35339746006725,142.51332593457113
1671072226,-24.11915943280602,139.5462502508959
1670994938,-25.644782049844117,141.34926526477483
1671004999,-25.77020050379593,139.81037576729435
1671082501,-22.274717955225306,139.67906148102784
1671003509,-25.724029087099304,139.90108988405666
1671082723,-22.214195328693734,139.6634411106381
1670997486,-25.72513343591576,140.81580139873085
1670989367,-25.356010887037353,142.14597642566233
1671073514,-23.81767734424618,139.56303585661317
1670989745,-25.35964560335374,142.04961986368934
1671075492,-23.368736787885148,139.6723688335179
1670989630,-25.35530906647861,142.08279612102794
1671071742,-24.221209959827387,139.458401340455
1670994449,-25.594475170870844,141.40547692622872
1670987507,-25.35752199212635,142.52687772347932
1670999484,-25.81470518454175,140.45284640685875
1670991949,-25.364839383860875,141.75238220342806
1671059735,-25.831644623413936,139.57665869818334
1671001192,-25.70919836202816,140.159855833296
1670989077,-25.333118837251163,142.22917462961237
1671000933,-25.721564210966655,140.22810686117222
1670991147,-25.364576096591755,141.87324180873676
1671082089,-22.390315309476726,139.66841884676
1671084072,-21.851664615651988,139.58500618466093
1671066793,-25.339356006411045,139.4931809517399
1671085302,-21.685430596916234,139.37207728893372
1670989902,-25.357266094473275,142.0024265561135
1671081929,-22.430499714649002,139.65875995491058
1670989826,-25.358311483380763,142.02516690002477
1670994212,-25.57013451675735,141.4481986858553
1671082620,-22.24173744753377,139.6736321842032
1670998979,-25.829312382109265,140.56782854057556
1671062437,-26.101328260489954,139.39429108715473
1671066197,-25.491032975135546,139.43884654757565
1671072251,-24.11246499141174,139.54901962030408
1670996584,-25.710990158680342,140.9689582788348
1671062580,-26.071472246156098,139.39611843835797
1671066628,-25.38263385536717,139.48303782461508
1670989124,-25.33601833092164,142.21521550534348
1671071495,-24.27278501310812,139.42652559646822
1671068241,-25.020820601355215,139.62891826303724
1670996155,-25.72080084728275,141.06835222552363
1671087356,-21.269028582828064,139.1538896950673
1671075435,-23.384021588424112,139.67383356898904
1671083033,-22.132157046681098,139.63100096392375
1671086784,-21.418304198183993,139.12583394956314
1671087778,-21.183933592595523,139.21522756052107
1671076321,-23.16591060195388,139.71923039935493
1671069254,-24.791494219434412,139.59381719485552
1671067201,-25.25182922767145,139.55229721575716
1671063355,-25.91430173179862,139.3795482784398
1671071284,-24.32608428074206,139.4485288682927
1671082050,-22.3975950988072,139.66643324596592
1670999554,-25.805250301446158,140.437849525322
1671084610,-21.711978424330344,139.5330253984643
1671085972,-21.60291053079032,139.22250404304873
1671071863,-24.18999864387409,139.46858876794502
1670994771,-25.621509635364372,141.3769222912953
1671074188,-23.659540493788764,139.62359574203327
1671001975,-25.658318977813558,140.1315426108857
1670988957,-25.33567997364724,142.26536143063973
1671069708,-24.67441913258928,139.5677623425554
1671087805,-21.180456811527584,139.22219958219588
1671068100,-25.057476370043304,139.6141273226737
1671063587,-25.90574515924418,139.37263356074828
1671084929,-21.699124909902448,139.46881358541157
1670999119,-25.832304185965686,140.54389086119053
1671005122,-25.778574173165637,139.79001151522152
1671069947,-24.611371233123688,139.5547690554515
1671082903,-22.167003940682246,139.64407057263224
1671085763,-21.65256803032574,139.25638421016671
1671071132,-24.35509639813807,139.4712838408475
1671087575,-21.2137585597587,139.16564699260707
1670989167,-25.339646335580994,142.2028469962004
1671063139,-25.94861903115504,139.36501968530587
1671001154,-25.71150484962272,140.16927179801357
1671086884,-21.39078738166635,139.12236787747014
1671083343,-22.049674722728284,139.60288394837556
1671076349,-23.158033905826393,139.7196824237366
1671069864,-24.63256124457832,139.56291561038583
1670997320,-25.72261497112061,140.86375411091333
1671001927,-25.657031903463704,140.1230826577354
1670999713,-25.788952651972068,140.39852761495865
1670993221,-25.434365380801534,141.59942386383764
1670987664,-25.343014077514358,142.48259862736637
1671087835,-21.17642583347402,139.23028178670367
1670988982,-25.335101567391874,142.2576465814192
1671065755,-25.592028985469444,139.37355575959853
1671067347,-25.2173450684492,139.55666454506536
1671088013,-21.14447220968578,139.2618623607894
1671089071,-20.932532234861995,139.4331362685482
1671070687,-24.453825008151213,139.5136563936548
1671072294,-24.10156362113077,139.55446828840562
1670995381,-25.684985928798735,141.25451847856186
1671080655,-22.758240979473296,139.77862809402694
1671064801,-25.82733064956635,139.33392265160603
1670993448,-25.449151448757693,141.59058787033953
1671082833,-22.184784473757293,139.6529199310287
1671084611,-21.711855090779476,139.5329003193722
1671062766,-26.03033951986605,139.38642274791232
1671001510,-25.6738925598428,140.0947154534991
1671075228,-23.414074302651606,139.65707519097427
1671088176,-21.112652711268233,139.2945941030517
1671069595,-24.70456775225887,139.57271458141085
1671080343,-22.829060002943155,139.83339072292088
1670996049,-25.722799306195913,141.09163411577703
1670993267,-25.444592742027503,141.59354235920304
1671082686,-22.224195586600374,139.66700960838503
1671071616,-24.2492182073693,139.44086324187367
1671066476,-25.421421070012048,139.46785425643915
1671075790,-23.315650653811282,139.7107636850892
1671081711,-22.48624404157958,139.67939544015195
1671068138,-25.047669172780793,139.6183557051716
1670993892,-25.545281736586237,141.53286920340662
1670997912,-25.76145805792651,140.71849554446447
1671080473,-22.797654042194083,139.81356602429477
1670987606,-25.345451290874536,142.50019468181435
1671085559,-21.66794540986087,139.2998188304316
1671084361,-21.771394484470516,139.57031373820135
1671086758,-21.424647723773752,139.129397208162
1671074950,-23.47400936485034,139.62221939748008
1671005039,-25.774655882604886,139.80005057909523
1670994865,-25.634649927241806,141.36120206625844
1671000272,-25.75747664065291,140.28783309632016
1671084366,-21.770083322023986,139.56992737976677
1670989257,-25.34501690505278,142.17612821340904
1671059107,-25.85634764925215,139.495371106513
1671072151,-24.130542601090692,139.5281767203906
1670996635,-25.710907122485814,140.95377195647833
1671073985,-23.71080372153503,139.63905613129293
1670997067,-25.71897026726391,140.89972659663232
1671074677,-23.542316223473197,139.63536838486615
1671076547,-23.11054500159176,139.74908856106146
1671064579,-25.88148394041516,139.3516697522198
1670997927,-25.764098687204765,140.71726555646444
1671004930,-25.759889399109507,139.8263969211744
1670998602,-25.809136398116006,140.62417847542775
1671082208,-22.357089197379736,139.67414109874358
1670991243,-25.357143762679218,141.84561068143188
1671068671,-24.91309070604589,139.64768390284712
1671075775,-23.319876657496494,139.71054417415849
1671002848,-25.68362441658823,140.0225733486414
1671080713,-22.746867039386657,139.7662020778568
1670993731,-25.51029659381744,141.55391274725062
1671070904,-24.401847534850358,139.47904707253983
1671080670,-22.754973895716827,139.77565361062437
1671075297,-23.418622217298573,139.67592042615493
1671071307,-24.320716441225553,139.44518021062234
1671086338,-21.510393271255108,139.17360288395238
1671062319,-26.126166342173693,139.40433188114804
1671082221,-22.353611395954434,139.67398316733514
1671069277,-24.785450649058486,139.5936496018715
1671063176,-25.940488007556198,139.36877641350551
1671088699,-21.026269578880214,139.40320199207204
1671004751,-25.73689806964725,139.86548291429978
1671066038,-25.528967725121213,139.41794312609406
1671087856,-21.173736044714015,139.23569129367687
1671067596,-25.18727989413479,139.5607132902938
1670990855,-25.380317923092914,141.90112519274393
1671000202,-25.75599987080992,140.30460353127276
1671084346,-21.775432761584337,139.57150944426738
1670995341,-25.679717013629674,141.2635101155953
1671077658,-22.91116512447339,139.924463189483
1671087409,-21.25917977623265,139.15536798579984
1670996549,-25.712473168027635,140.97683669163393
1671076243,-23.188004329986814,139.7179490069204
1671065744,-25.594038825551117,139.37228569655164
1671066837,-25.327559048524574,139.4917806465894
1671077257,-22.980180087395848,139.85745545612025
1670997217,-25.71225939760975,140.89230249267138
1671075701,-23.340776678509155,139.70940268368727
1671072379,-24.080832826233717,139.56778939433914
1671089223,-20.891946281833953,139.44315661836822
1671071591,-24.25455612698817,139.43662896251922
1671003107,-25.705873146572333,139.96339701032005
1671086393,-21.495461369481205,139.1690180231442
1670997434,-25.718782142279522,140.8294847632257
1671002975,-25.697892574906124,139.99432687324887
1671064604,-25.87518013290417,139.35122512749635
1670998870,-25.816860985113713,140.58830193272865
1671084436,-21.751043829899977,139.56432989883265
1671071772,-24.21304442492192,139.45605297587292
1671065841,-25.573032374596995,139.38553242667004
1671084589,-21.716259879226094,139.53740947281406
1671060954,-25.90330257069099,139.42556580001195
1671072798,-23.967648106957096,139.5515082633893
1671085927,-21.613436707477486,139.23044138040234
1671065843,-25.572536688202273,139.38584356096936
1671088275,-21.099486145688164,139.32024037940585
1670987896,-25.338513883300536,142.4123006694989
1671087539,-21.223746550932674,139.1637386105661
1671005693,-25.79849128855528,139.6686893608361
1670988856,-25.337400844508526,142.288001886788
1670995526,-25.692940375932828,141.21775450749874
1671061993,-26.08810831288992,139.39284797217132
1671082745,-22.208389813455145,139.6613606117037
1671002642,-25.66472482355303,140.052322312075
1671000391,-25.748333412230828,140.26656431727775
1671004302,-25.748968017310908,139.8854496003411
1671069257,-24.790755559493398,139.59344312486132
1671071802,-24.205203206512245,139.45913255174375
1671005165,-25.780563925599935,139.7785890875376
1671077117,-23.00246184818411,139.82379081319604
1671081290,-22.594076956550985,139.7155672586905
1671087628,-21.203397959850314,139.17614496248208
1671003573,-25.72578486065959,139.89604541508913
1671072423,-24.068661785888047,139.57012009223754
1671084767,-21.696330732427022,139.5099993448498
1671006110,-25.823451435868986,139.6048302284705
1671087583,-21.211381867276245,139.16629916571566
1670996453,-25.716781622461305,140.99943867752066
1670999099,-25.832926333881776,140.54892849342926
1670990824,-25.378869744653898,141.90559919777027
1671065349,-25.68498744787706,139.3351367475387
1671081091,-22.648906088924797,139.72491259668874
1670997520,-25.727435518099817,140.80581052442344
1671084326,-21.781008004843518,139.57313788567734
1671088979,-20.95437202200854,139.4187365572113
1671076815,-23.045249390355835,139.7898420387715
1671064776,-25.8331016175909,139.33683215768195
1671068560,-24.935452437113874,139.65022926925457
1671073098,-23.88365581502694,139.5360269106322
1671087207,-21.30615742921654,139.1352839986347
1670997947,-25.766568601023526,140.71613350710015
1671074575,-23.568929224859264,139.6256268991129
1670991513,-25.362585136241293,141.78213671955973
1671067231,-25.245159439897286,139.55722778673612
1671075825,-23.30583685945395,139.71128219230891
1671073032,-23.902230681681203,139.53920090858662
1671069662,-24.68671445632153,139.56977322579314
1671087836,-21.176308531501448,139.23051711993955
1671076149,-23.214580483239313,139.71644008246886
1671001699,-25.663059205706634,140.08919183158443
1670997054,-25.718982363830904,140.89768279615117
1671065158,-25.734689153982984,139.33072683860763
1671068103,-25.05655777101772,139.61453279855215
1671067514,-25.207586074046066,139.55429591150192
1671064810,-25.825145895594773,139.33283485689762
1671081878,-22.444740480255337,139.6561645509373
1671060062,-25.86309960781403,139.56901598817254
1670994309,-25.57760002804199,141.42639246635773
1671074532,-23.580838028660004,139.62645053988552
1670998424,-25.790254436299325,140.6528322259597
1671087681,-21.19655443678821,139.18988845103442
1670996381,-25.719758750887767,141.01489580247926
1671005157,-25.78018481769988,139.78068041756362
1671068041,-25.072466137505604,139.6072737093142
1671086075,-21.57890587395692,139.20443391426187
1671071336,-24.313435017072994,139.4414305660724
1670993573,-25.47762839890539,141.57351193795088
1671085911,-21.617225209510572,139.2332996123015
1670995361,-25.682042063558303,141.25866524371386
1671080083,-22.883057329451127,139.88383302939212
1670987811,-25.33990403739758,142.43795248064657
1670991161,-25.362726762133736,141.86954942080757
1671067042,-25.28361583722537,139.52055011328034
1671065688,-25.60338459887531,139.36640439565937
1670995589,-25.693275186031965,141.19783944212614
1670998193,-25.779250680279475,140.6723046602556
1671060049,-25.861788308788615,139.5722602615492
1670997641,-25.738995012848118,140.77159996963337
1671084496,-21.736200326623667,139.5558075296492
1671088932,-20.96501681278761,139.41093522576523
1671064574,-25.882720295648507,139.35174696748626
1670995459,-25.692611132357094,141.2387425767659
1671085369,-21.67755869073883,139.35388022510725
1671087787,-21.18275603496384,139.21757522085292
1670987776,-25.340661632819252,142.44866534999417
1671088967,-20.957193176577263,139.41667775261905
1670987767,-25.340849632746636,142.45131810616593
1671075482,-23.37143605735257,139.67208537569385
1671077018,-23.019996636797323,139.80369762999567
1671086493,-21.468836427506893,139.15802326243232
1671004434,-25.732036518644126,139.8769970234596
1671068230,-25.02360576505535,139.62781974657418
1671063009,-25.9801185675089,139.3704252395613
1671074697,-23.536964525313046,139.63461621690317
1671005889,-25.81539302082088,139.62444425358606
1671080770,-22.733959780165314,139.75651794066314
1671068296,-25.006514408012126,139.63437091805625
1671076248,-23.186563015238878,139.71803247349487
1671065625,-25.61622499557888,139.3564094267047
1670995940,-25.71952350332749,141.11679198392648
1671002877,-25.688594831821824,140.01765558072353
1671081488,-22.540698458372603,139.70996341309785
1671080222,-22.858587172273793,139.8520451318651
1671075419,-23.3884830235874,139.67456778043433
1670994117,-25.563110508452134,141.47531225652935
1671001171,-25.710540606101,140.16485520121896
1670994100,-25.562320802897197,141.48046137502405
1671073323,-23.864712342987858,139.5476454875831
1670988864,-25.337272616548773,142.28629491008542
1670996659,-25.71158335729343,140.94662897035602
1670991294,-25.358612715157548,141.8334223857448
1671080752,-22.73861605325974,139.75846055311308
1671087838,-21.176075825538092,139.23098663000886
1671072167,-24.12889594209204,139.5328491224792
1670994489,-25.602812501405495,141.39878406638118
1671075797,-23.313877772176014,139.7108514273503
1671068288,-25.00849317112895,139.63367961972443
1670990580,-25.377331432238673,141.95236979914483
1671083428,-22.027141337597484,139.59469615205452
1671087692,-21.195146094333108,139.1927126926755
1671068387,-24.982423973376907,139.6428481727646
1670987709,-25.342065115081333,142.46892675517063
1670993225,-25.43533271679757,141.59884644325325
1671064963,-25.785806899311094,139.32653363715067
1671065047,-25.76392455270775,139.32773534648572
1671065211,-25.72058414423825,139.32939647608762
1671059393,-25.86555528985498,139.5613601267764
1671067072,-25.278193144988204,139.52720321102376
1671071781,-24.2104988092684,139.4561337437061
1670996096,-25.723700517375896,141.08027081584657
1671082332,-22.32269915492137,139.6790614031458
1671062665,-26.053304114913146,139.39482602534707
1671069639,-24.692826447215914,139.57077807132987
1671001564,-25.667822822571026,140.08296145214987
1671069559,-24.714453175914517,139.5743860485283
1671066282,-25.468381793922283,139.44310976637254
1671005729,-25.8011115227399,139.65924499521935
1671004135,-25.776015568521572,139.8804284089737
1671076808,-23.04698984019167,139.78888776740797
1671070598,-24.47483568016805,139.5282094247446
1671074377,-23.616180059019165,139.61186987200588
1670987819,-25.33974891089488,142.4356981053844
1671071626,-24.246984936334723,139.44266389860343
1671065222,-25.717811671730747,139.32911088257947
1671074210,-23.654520494359623,139.61941164229862
1671060922,-25.898184468067953,139.4316828055656
1670993628,-25.487653550540255,141.56746520352908
1670997427,-25.719055137608468,140.83172700084108
1670991602,-25.37179147309225,141.7740794700771
1670994848,-25.63208998463871,141.3641938289486
1671077704,-22.91074237595572,139.91615280903113
1671083766,-21.93353558386527,139.59686202648896
1671066671,-25.371863546414424,139.4872640623827
1671083764,-21.933960974756165,139.59686933719883
1671061096,-25.918376923304667,139.3930641271228
1671084512,-21.732656323325347,139.55268198154317
1671070562,-24.482796988619636,139.53506360378546
1671067731,-25.153077253645858,139.57734054132814
1671086867,-21.39541998476863,139.12283580924102
1671065997,-25.536887702586462,139.40935564185182
1671071659,-24.2397677192144,139.44846362631574
1671082245,-22.346800304736952,139.67452416982627
1671080637,-22.761920623877806,139.78197354182447
1671062696,-26.04635662330886,139.39224182806467
1670990358,-25.383244529033593,141.96021328672498
1671065653,-25.610074596450737,139.36086575255604
1671072046,-24.14942972302921,139.50377030717084
1671068102,-25.056864607816546,139.61439821012473
1670989903,-25.357277911798814,142.00224679550777
1671077167,-22.994066988449507,139.83574939913336
1670998591,-25.808230151604246,140.62642970504402
1671074668,-23.544716594748984,139.63497529516567
1671070537,-24.48836924934074,139.53985970641224
1670988610,-25.366406936056162,142.27751073993784
1671085791,-21.646173665848636,139.2528903796758
1670997959,-25.767489218276424,140.7157027949999
1671075805,-23.311508847493045,139.71096730032238
1671001332,-25.69144183687709,140.13180690778782
1671075128,-23.430744855686374,139.63352708848166
1671075804,-23.311762454577323,139.7109546766251
1671070747,-24.43989144148806,139.5040136632168
1671068686,-24.909820241935904,139.6459318914731
1671083326,-22.054382581219887,139.60472607573087
1671084253,-21.800901275249647,139.57898383915693
1670987787,-25.340430912169086,142.4453903430371
1671071861,-24.190589493754015,139.46821045262348
1671067304,-25.227076502108748,139.56345217318565
1671082342,-22.319741778943765,139.679372075413
1671088903,-20.971192319970907,139.4053201645051
1671084559,-21.722500280105862,139.5437078272741
1671005279,-25.78481153679312,139.75278512143194
1670998914,-25.820778579831813,140.58005109267904
1671081776,-22.4707480162537,139.66892296638954
1671001419,-25.68453073019397,140.11258615641339
1671073473,-23.82902894433409,139.56552237373813
1671004074,-25.767533965039704,139.88528164998857
1671064972,-25.78341657196094,139.32610739747045
1671083793,-21.925902497245787,139.59647938209218
1670994313,-25.577808267304032,141.4258083855176
1670995880,-25.717598803137317,141.13182940011316
1671071971,-24.16587689044034,139.489409745692
1671001053,-25.71633111049748,140.19576947083118
1670988964,-25.33551731638332,142.26317612378415
1671003129,-25.706220982452944,139.9609893214402
1670993248,-25.44094274906188,141.59549180119092
1671088226,-21.106046838035162,139.30744464644852
1671081235,-22.608749156246024,139.72113079543948
1671064967,-25.784730101731384,139.32634141861354
1670988094,-25.339830603406952,142.35234773613178
1671076438,-23.135609158354608,139.7293495569638
1671065840,-25.573103010493345,139.38548841079412
1671069713,-24.67304778463962,139.56754336348874
1670995352,-25.68083475407537,141.26070145372674
1671062382,-26.113134118473337,139.39854856266666
1671086365,-21.502964482245257,139.17132357131842
1671083404,-22.033728529048425,139.59647720444826
1671080975,-22.67970244766182,139.73599673318947
1670997354,-25.722449099454472,140.85365007977433
1671082685,-22.224518241773374,139.6671246946649
1671081917,-22.43395545064892,139.65792885578384
1671070357,-24.53007038254049,139.56220540870186
1670998147,-25.776816769537096,140.68232053937945
1671000180,-25.75653066541124,140.3106242837706
1671069347,-24.76792475085657,139.5969679540974
1671071385,-24.30130479666585,139.43570002337927
1670999290,-25.82062716433447,140.49888054206798
1670992301,-25.37230565849922,141.67643479719817
1671006384,-25.864495950189923,139.5646970986142
1671002804,-25.67535553446955,140.03066851836238
1671063773,-25.89713131521804,139.36506345326714
1671068090,-25.05992006161601,139.61299321867318
1671075586,-23.365636308816917,139.69680372491098
1671084665,-21.701564927287965,139.52234957770037
1670996461,-25.716461233556682,140.9977869103903
1671084631,-21.70781405883308,139.52875351601145
1671081593,-22.514919344291396,139.69680785389815
1671081315,-22.58715431358796,139.71575733055857
1671075093,-23.436737143415957,139.6253165097492
1670994839,-25.630756560982693,141.36575462196163
1671083062,-22.124543582622746,139.62801778461565
1671083402,-22.034223888240014,139.5966127629356
1670987466,-25.360496957058242,142.53865946069334
1671005246,-25.78477764779546,139.7611489653352
1671074583,-23.56668506130307,139.62558480309178
1671004529,-25.719533052726874,139.8694473560016
1670989162,-25.339211395947956,142.2044088205903
1671086981,-21.364067963617256,139.11975914700707
1670997583,-25.732582575952,140.78750571432136
1670992379,-25.364915706736028,141.6740657918833
1671072279,-24.10508223809601,139.55219750812952
1671072758,-23.97918643482996,139.55173347743317
1671000388,-25.748757032309612,140.26756054497375
1671087768,-21.185180269914355,139.2127153517747
1671069190,-24.80479336338913,139.60564828892473
1671070018,-24.592525213821403,139.55508124861325
1671081538,-22.52692150266082,139.70712904114563
1671065428,-25.666293706998673,139.3449165637319
1670987966,-25.33926831540816,142.39121347507344
1671082104,-22.386110047264427,139.6695616486897
1670995296,-25.676615328759304,141.2747714680818
1671070123,-24.564692692368553,139.56129405927686
1670987759,-25.341035444078194,142.45396689650246
1671003175,-25.706710619216384,139.95738798461716
1671077125,-23.001177375377903,139.82564708741714
1670993573,-25.47769409720415,141.57347292292286
1671075490,-23.36921795258647,139.6722379287878
1671082319,-22.32633843811315,139.6786780689972
1671070684,-24.45483637508411,139.51411988984853
1670991388,-25.357105132725035,141.81444232254583
1671073609,-23.79317203509448,139.57349837695077
1671074179,-23.66164956464958,139.62493111254744
1670994549,-25.6133467322723,141.38958782234107
1671000165,-25.757371695129784,140.3145365195517
1671065609,-25.61994034350631,139.35430527506892
1671070808,-24.42545732218522,139.49356587267854
1670992306,-25.37190271114296,141.67632569166256
1671005816,-25.813288077277992,139.6426569342755
1670997308,-25.72153417596309,140.86724680632886
1670993181,-25.4244145874861,141.60528500681036
1671086094,-21.57455824922353,139.2011583650685
1671082087,-22.390642266553495,139.66832805273356
1671087067,-21.34035082026513,139.1177399869277
1671084901,-21.69973559167959,139.47565754591662
1670989362,-25.3553310025237,142.14722388111872
1670999715,-25.78878838881379,140.39817136778694
1670989360,-25.35507177917837,142.14769216851863
1670995047,-25.65567132729633,141.32402358654244
1671083214,-22.084580709661452,139.61446892735833
1671065192,-25.725575579955255,139.3298581201862
1671001922,-25.65694563708764,140.12203959499172
1671005771,-25.8065381048321,139.65002625242215
1671068433,-24.97007074299868,139.64558255403935
1670990554,-25.377493158857853,141.95863973705957
1671083620,-21.97454171801052,139.5943980579485
1671087923,-21.161265180718377,139.24985861652442
1671083663,-21.962333987556455,139.59612310506623
1671072125,-24.13371055323816,139.52113335832607
1671076802,-23.048574360394294,139.78801863692874
1670991407,-25.357884193998462,141.80847727610987
1671003444,-25.718016147572037,139.91538339488952
1671003297,-25.70861873891226,139.94311637625668
1671071135,-24.35471185352489,139.47115307323648
1670989277,-25.346289184168583,142.17038023088443
1671066380,-25.445145877560943,139.45664721560152
1670997104,-25.71772173393066,140.9054746161907
1671087742,-21.18854424954411,139.20597152389192
1671086014,-21.593225596026173,139.21521782516234
1671001308,-25.69549827059336,140.13578201551002
1671000184,-25.7563103866752,140.30966064662638
1671075203,-23.41808961244804,139.65097844477802
1670999280,-25.82146247390092,140.50151550954237
1670993528,-25.468074790743582,141.5792513305853
1670988277,-25.336966856539945,142.29674616542778
1671072911,-23.936121836112335,139.54589008240615
1671001272,-25.701869965093834,140.1419765422301
1671071552,-24.259416405355413,139.4264998507318
1671083703,-21.95106173478445,139.59733349136286
1671069833,-24.64075092547432,139.56365046092606
1671082578,-22.25301559847998,139.67751048059216
1671084061,-21.85429886884077,139.5852381366947
1671072936,-23.929122623263357,139.54441555159315
1670995703,-25.696438838333712,141.168798088567
1671088377,-21.08460633985736,139.34592869420874
1671005622,-25.7909550862767,139.68442873179387
1671082320,-22.325999582484975,139.67871163594742
1671066896,-25.311724885734968,139.49102558107106
1671076065,-23.23819081972644,139.71510973272274
1671077265,-22.979122868132322,139.85981070906195
1671069674,-24.683501370446734,139.5692409584774
1671082772,-22.201050766918993,139.6587388561369
1671081258,-22.602670426393974,139.71867854461007
1671082086,-22.390885691840815,139.66826093065285
1671003599,-25.72736854220889,139.8915306741974
1670999937,-25.772416264390362,140.3406251733593
1671076997,-23.024431948439503,139.80128332925133
1671065341,-25.687076497917356,139.33407169268622
1671075109,-23.434009226095807,139.6290335084606
1671070633,-24.467274299710166,139.52170309391522
1671076048,-23.242925746999692,139.71483581110058
1670999692,-25.791345960654393,140.40371881104966
1671075784,-23.31741756943673,139.71067609880555
1670987421,-25.367911658989133,142.54974822964184
1670999673,-25.793357293672464,140.40825041029018
1671064199,-25.898545792390394,139.35554272415868
1671073383,-23.850085738317514,139.55758382789932
1671081201,-22.618178068603846,139.72241514046067
1671067927,-25.10284308457852,139.59876120836194
1671071511,-24.26897425187716,139.42451816112012
1670999205,-25.828365561649452,140.52144887129052
1671081327,-22.583793726283098,139.71594358443653
1671084398,-21.76118902511747,139.5673101598431
1671069306,-24.778377506044865,139.59745598574204
1670998127,-25.77775843169507,140.6870581556634
1671071518,-24.267356952935703,139.42368161445364
1671075492,-23.368658599137145,139.67239312996614
1671067750,-25.1485083749326,139.57974447085772
1671080469,-22.798526644142942,139.81411688800787
1671088510,-21.068625692026114,139.3809417815094
1671068623,-24.91964923548514,139.6495073483104
1671076718,-23.069802125893638,139.776328549188
1671000356,-25.752097720148285,140.27536018333194
1671000268,-25.75785805342983,140.28862527166197
1671087908,-21.164779859598113,139.24734744717836
1671075083,-23.43837661608733,139.62306711112169
1670988970,-25.33537100161624,142.2612671792144
1671068186,-25.035004928430396,139.62333718381322
1670996277,-25.719022779051347,141.0402108339154
1671067589,-25.18917285141501,139.56009902764185
1671082099,-22.38751334616466,139.66917923274457
1671086389,-21.49645250003285,139.16931772449797
1670991507,-25.362359236861266,141.78334587345498
1670994476,-25.59985642192481,141.40114139842416
1671086088,-21.57589168867947,139.2021655053075
1671066959,-25.297761443007044,139.50134542121506
1670989099,-25.33399685779136,142.22260612781974
1671084365,-21.770165307195995,139.56995140077038
1671001992,-25.659129365579453,140.13429769581109
1671074257,-23.64571907114131,139.6078139444004
1671072111,-24.13583702025059,139.51742465886952
1670995078,-25.658790955869602,141.31650157117056
1670999167,-25.830734619647384,140.53119469956133
1671002799,-25.67457975491023,140.0314271094075
1671087898,-21.16699125068529,139.24560178433688
1670993057,-25.391154379357022,141.61570436986815
1670989831,-25.358220550552215,142.02363581428799
1671077147,-22.997496641513667,139.83087847539315
1671068606,-24.923709325575466,139.64977691943866
1671069226,-24.797381070458073,139.59896078195828
1671060817,-25.88439393360779,139.4457489731624
1671069547,-24.717409929790396,139.5753737913446
1671061084,-25.916265812879047,139.39520657695724
1670994497,-25.604494696701373,141.39743897905677
1671004742,-25.736091737091698,139.86737876935055
1670988162,-25.338742284556456,142.33159700155358
1671062684,-26.04908869262758,139.3932657897997
1670997411,-25.719762845584203,140.8363232289612
1671067520,-25.20667976176883,139.55447419492705
1671071853,-24.19244740186366,139.46706372596404
1671083042,-22.129970944014186,139.6300122087622
1671073436,-23.838822796103795,139.56817947000948
1671089223,-20.891887275852085,139.4432061853384
1670992295,-25.372473795278943,141.6757134336179
1671088357,-21.087924854223722,139.3410194457026
1670992750,-25.380437350736443,141.62680304857955
1671003406,-25.71272390059525,139.92299704183782
1671064461,-25.88978470172295,139.35849297376498
1671076117,-23.223381137203603,139.71594903957987
1671071250,-24.333933413298986,139.4535580730328
1670996645,-25.71144587667999,140.9507658970794
1671002571,-25.666127856245826,140.06901840673984
1671067596,-25.187358420180566,139.56068779628384
1671075952,-23.269940189482906,139.71331457556
1671085696,-21.66306058795915,139.26244286013767
1671080615,-22.766794742978156,139.78642007549658
1670996090,-25.723939232141802,141.08191116323178
1671066586,-25.393489449326133,139.4787909360199
1671085999,-21.59658892224572,139.21775340093444
1671062993,-25.98429374052681,139.37186338137255
1671062973,-25.98864426295582,139.37408074467066
1671081933,-22.42951323946425,139.658998659643
1671077238,-22.982459943428132,139.8523423381978
1671071829,-24.198314087594053,139.46341292867814
1671066473,-25.42210468051263,139.46758288141535
1670987691,-25.342446407735185,142.474406915056
1671081136,-22.636405046891323,139.72263859237157
1671079995,-22.90100990349183,139.89923650119493
1671071991,-24.161634655043716,139.49312319052694
1671071073,-24.3633846789051,139.47016406050656
1670993568,-25.476651936352482,141.57409299163928
1670996153,-25.720927161414387,141.06882452630694
1670987478,-25.358938994229053,142.53553886221877
1671067378,-25.209229819867232,139.55426482464804
1671073607,-23.79368650732273,139.57316750542896
1671089108,-20.92302682996705,139.43616802008913
1670999352,-25.819471770866695,140.4866791420178
1671074024,-23.699999890769323,139.6416400416174
1671084524,-21.7302353632713,139.55054446895946
1671064748,-25.83977323442681,139.34021553849755
1671074171,-23.6636701652276,139.62621679125348
1670995626,-25.693453838013124,141.18676947107244
1670999189,-25.829942499344437,140.52552944190768
1670997314,-25.72207869057557,140.86545672132354
1671067987,-25.08699972503676,139.60320456446135
1671065675,-25.605400805629618,139.3647739656124
1671084799,-21.69737937243909,139.50430260130477
1671066391,-25.44243363677961,139.4584510755673
1671082223,-22.352849296689136,139.67395435346495
1671060942,-25.901480606375536,139.4278446929573
1671071544,-24.26073603814741,139.42471473737314
1670991899,-25.364275093408207,141.7670508201416
1670990251,-25.388356530328494,141.95881970556857
1671077417,-22.95505360688614,139.89633025538637
1671087954,-21.154563752700003,139.25464585071148
1671074475,-23.59660278758404,139.62820236133857
1671071778,-24.21125740020673,139.45598772547652
1670997691,-25.741684704278846,140.75693460081052
1671070711,-24.447923126177383,139.51069268324053
1671064823,-25.82205134222468,139.33194024816487
1671074108,-23.679545524745976,139.63625348833938
1671001029,-25.71739329000698,140.2021481353311
1671083605,-21.978755486979843,139.59379666371717
1671088080,-21.1292622516927,139.27278108827025
1671085149,-21.698401790304928,139.41438495358253
1671064951,-25.78890834388158,139.32706315104141
1670999693,-25.79121944929054,140.40344364194343
1670999474,-25.81501340318938,140.455424195632
1671086707,-21.43665521685727,139.13717654134072
1670993832,-25.53244138743289,141.54057673560058
1671082270,-22.34000884827364,139.67659197108452
1671086933,-21.377303501543224,139.12105659351494
1670987548,-25.354275082837336,142.51478134249723
1671072581,-24.028638635124278,139.55316117429427
1671072486,-24.051247107474637,139.56886409094906
1671068422,-24.97319606632866,139.64505100156228
1671065346,-25.685703523088883,139.33476921003995
1671069737,-24.666617061434547,139.56648789118117
1670995734,-25.70093107749347,141.16305426137146
1670988261,-25.337127475934075,142.3010073085825
1671085001,-21.690668528304705,139.45265896591428
1671084005,-21.870078514490228,139.5872254347383
1671074172,-23.663519970312162,139.6261200706361
1671004891,-25.7532317198812,139.8347744016865
1671006157,-25.83343364812331,139.60071365210686
1670987833,-25.339452108231736,142.43154588349034
1670999134,-25.83179260280119,140.5397008611091
1671075463,-23.37662247985381,139.6725515243639
1670998425,-25.790292205093827,140.652405430173
1670996109,-25.72302904710362,141.07748563559903
1671073084,-23.88771816599639,139.53649874175778
1670999543,-25.806892691224487,140.44029931512014
1671088426,-21.077430364787528,139.35816967051488
1671086121,-21.568240363260532,139.19640701469217
1670993047,-25.388596686674866,141.61649681878018
1671076708,-23.072296948930585,139.77495153287455
1670989626,-25.354934551806238,142.0838806543962
1671081222,-22.612020423085035,139.72230586989934
1671066668,-25.372625354090353,139.4869683772532
1671077219,-22.98485624778302,139.84718920091268
1671072098,-24.13791498325119,139.51412703492585
1671000775,-25.73100313626374,140.23686402234682
1671082009,-22.408618294934087,139.66342810777869
1671088600,-21.05321420083047,139.39893270414112
1670988019,-25.339729813889374,142.37503103250253
1671001516,-25.673242292492567,140.0934667030693
1671067117,-25.269993450620596,139.53733993603313
1670993746,-25.513523017519,141.55197327400307
1671003392,-25.711395900935873,139.92605246896568
1671069720,-24.671267403769722,139.56724991571855
1671076195,-23.201463543948094,139.71718152520234
1670987667,-25.342943431709823,142.481701469652
1671080849,-22.712902760581724,139.74938205669997
1671065526,-25.64083491847428,139.34832411428363
1671080605,-22.768801603144233,139.78824202386224
1671075064,-23.44274696745217,139.6199759524489
1671081533,-22.528334241462964,139.7074134462253
1671083883,-21.90074161830375,139.59263246658054
1671083558,-21.991853029191333,139.5923827543526
1671076426,-23.13828375925795,139.72724000297498
1671071747,-24.219806799487515,139.45799663322404
1671068997,-24.8439130156124,139.63198638942134
1670991153,-25.36367683648406,141.87191008741712
1671087658,-21.1995273523721,139.18391936888128
1670996154,-25.72086359662068,141.06858984918097
1671088557,-21.063580298270036,139.3936509814082
1670998725,-25.81363779525176,140.59684720670964
1671086133,-21.56543513423892,139.19429563550045
1671075368,-23.4019097917748,139.67636464335408
1671081891,-22.44096634099269,139.65621624458382
1671086248,-21.535305673040067,139.1812595728356
1671080530,-22.784942817942706,139.80291787858258
1671082812,-22.190262175232508,139.65487993165613
1670991856,-25.36387355171482,141.77419960506109
1671072660,-24.006772033291526,139.5508044945047
1671081942,-22.427039690380457,139.65959246715613
1670989370,-25.356431813848904,142.14519612980035
1671069730,-24.668618889053402,139.56681242862763
1671001025,-25.717537467622112,140.20305186292225
1671062454,-26.09795336288365,139.39215688624262
1671066098,-25.515742226316384,139.4276744727715
1670994971,-25.64819745316636,141.34209992548205
1671083078,-22.120188743771244,139.6278802084125
1671002786,-25.672199950051706,140.03373733368187
1671085137,-21.698253513519656,139.41735850772324
1671087901,-21.16621278677871,139.24627890753968
1671085257,-21.688262516546292,139.38516418220092
1670988442,-25.346282373621882,142.28324572337556
1670997754,-25.74265745397666,140.73766574072062
1671005239,-25.784287038031408,139.76296982701308
1671086300,-21.52102723680401,139.1768730010398
1671071364,-24.306593152411498,139.43794231554475
1671084348,-21.774940452747433,139.57137091183174
1671068476,-24.958246714921234,139.6475950088894
1670987683,-25.342616136974847,142.47687525348573
1671080073,-22.884751050136558,139.88644472953212
1671084868,-21.69703509267748,139.48490623050466
1671071653,-24.24093985033849,139.4475075798467
1670989995,-25.36506515612554,141.97720160771053
1670994987,-25.649708647785822,141.3384314790571
1670993906,-25.548344999225797,141.53103881245445
1671085467,-21.670255921283907,139.32596139600602
1671074919,-23.48267525997654,139.6228764036664
1671005017,-25.772301750853032,139.80551526855817
1671076295,-23.17327756996783,139.71880051178155
1670994866,-25.63483543106108,141.36098577352558
1671087331,-21.275393640671098,139.15135987106237
1671077701,-22.910680005864094,139.91669281229554
1670995908,-25.718543806009222,141.1243937294335
1671004584,-25.711604300410702,139.86200559157072
1671067159,-25.261140368942993,139.5451180782217
1671000210,-25.75665316754796,140.30254913578676
1671005342,-25.783757597914796,139.73602292674582
1670999616,-25.798035175196997,140.42350282997177
1670987602,-25.345935895672028,142.5010529339259
1670993973,-25.556717804458305,141.51687852095137
1671085100,-21.69530254540206,139.42691178388074
1670991959,-25.364960823967202,141.74922878976727
1670999300,-25.82008697212913,140.4962774205989
1671005027,-25.773459164298043,139.8028284392277
1671065619,-25.617754327185533,139.35554497028795
1671065072,-25.757213609261274,139.3286507927752
1671002633,-25.66480428443901,140.0544476703093
1671067380,-25.208895403979014,139.55423591388876
1671068863,-24.869507707327458,139.64279944853223
1671062700,-26.045347530790625,139.39185997834937
1670997384,-25.721056060823816,140.84453268028685
1671060992,-25.907542102337423,139.4168626722097
1670999187,-25.83006992668511,140.52606965249134
1671062387,-26.112189386554604,139.39828146337175
1671062998,-25.982944497628168,139.37125458973847
1671082329,-22.323375900287445,139.67899177664466
1670999317,-25.81983455586716,140.49226484089726
1671073606,-23.79397992941679,139.57297781488978
1671082109,-22.384628493792167,139.66996283378867
1671067093,-25.274397731249074,139.53185665740827
1671001275,-25.701266321292206,140.1413930781126
1671068517,-24.947164129561912,139.64944087037574
1671082110,-22.38454611719757,139.6699851046252
1670995659,-25.693585496021566,141.17843136925487
1670989950,-25.358563917366947,141.98811295537467
1670997607,-25.735565200595158,140.78093675390346
1671001820,-25.65783542066006,140.10694308651438
1671075408,-23.39147507070398,139.67393799965296
1671089034,-20.941339431259763,139.42734744978364
1671089142,-20.913500124275476,139.43747810511871
1670991538,-25.363393272043822,141.77775125292797
1671087008,-21.356465529083398,139.11901686965123
1671003348,-25.709456863298776,139.93604395017746
1671083504,-22.007231409658736,139.5911707591212
1670997116,-25.71640009551196,140.90695037856588
1671072367,-24.084412190060892,139.56695258271918
1670988098,-25.339750431871767,142.35088432539797
1671065829,-25.575716976284543,139.38385217527315
1671084347,-21.775021782364973,139.57139345636972
1671065191,-25.725971997932625,139.32989520361326
1671071190,-24.34782022294152,139.46303953545956
1671067752,-25.147908209848147,139.58005392008013
1671086695,-21.43949218351424,139.13901775654813
1671002905,-25.69344307521288,140.01232962628345
1671070067,-24.579441973072594,139.5579937325823
1670987556,-25.353026536189155,142.51271641715454
1671081022,-22.66755307382839,139.73075123903809
1671071640,-24.243764309285893,139.44523024474753
1670987942,-25.339063441890513,142.39861371473432
1671082698,-22.220890583827803,139.6658290136427
1671081378,-22.569617006652994,139.71786211140528
1670995148,-25.662576572254128,141.3073417505729
1671083776,-21.930645940430857,139.59681411802976
1671000956,-25.720574340283086,140.22196572867924
1671085358,-21.678760283039672,139.3566716087134
1670994157,-25.56495827262828,141.46365203272748
1671075614,-23.36293269323836,139.70377815095495
1671063224,-25.93081501069482,139.37316357343585
1671064703,-25.85061462445954,139.34470205939016
1671088209,-21.10829144441892,139.30308691411233
1671069491,-24.731894006163554,139.58050270209995
1671082699,-22.220810018737794,139.66580012588625
1671080537,-22.783522616494256,139.80162461107736
1671075381,-23.39863555661961,139.6746896566794
1671075679,-23.346947759765715,139.70906816546105
1671063538,-25.91060432302627,139.37927390546946
1671080922,-22.693622348913472,139.74154916836022
1670995568,-25.693159174519636,141.20435301269464
1670999869,-25.779511996704958,140.35734450617082
1671083864,-21.9059351484517,139.59355169046063
1671088501,-21.069635240198618,139.3783438674563
1670996351,-25.72034383009421,141.02154119065645
1671087392,-21.261537904796157,139.15501664420458
1671073814,-23.754867555761148,139.61956048022898
1671072675,-24.002708870846128,139.55129595059677
1670987686,-25.34255847519036,142.4760512984343
1671002837,-25.681535368642034,140.024609455179
1671071307,-24.320571208746674,139.4451006991164
1671085598,-21.66744517095273,139.28843537329254
1671005880,-25.815931928394843,139.62658383304603
1671085735,-21.65480700606014,139.25760139453018
1671076213,-23.196554405065342,139.71746262747578
1671082484,-22.279554339294254,139.67940237169293
1671006384,-25.86457093170327,139.56446390627673
1670990750,-25.375923255356728,141.92591430337004
1671070583,-24.4781513580776,139.53106168753524
1671001495,-25.675449441349993,140.09772297496255
1671085429,-21.67354072104779,139.33652740294653
1670994786,-25.623418111236788,141.37431955958547
1670988272,-25.336984581122138,142.29826199117994
1670995000,-25.65090541660538,141.33551720314892
1671004080,-25.768694880318787,139.88467667312577
1671082000,-22.410901218820708,139.66279190550247
1670995406,-25.687806891277997,141.2505413317327
1671060704,-25.87193231414555,139.4618642004604
1671069312,-24.7770585016516,139.59814919207471
1671072719,-23.990119294920397,139.55197711057664
1671074842,-23.49798157851947,139.62406321942152
1671082861,-22.17785890159232,139.64868369665726
1671005365,-25.783489204422853,139.729860042276
1670993528,-25.468137663634803,141.57921351645402
1671068491,-24.95414256325705,139.64828709314503
1671072862,-23.949582811996052,139.5487097129907
1671088532,-21.066275517412762,139.38699643850515
1671086371,-21.50148097738901,139.1708602616455
1670993608,-25.484758170596116,141.5692398484038
1671003415,-25.71390319142202,139.9212863209086
1671005027,-25.773491032819027,139.80275406262393
1671070028,-24.589893244311874,139.55566250587952
1671064905,-25.80060772263086,139.3291154502065
1670994273,-25.57506342630469,141.43389354446583
1671069519,-24.724690692320248,139.57796128203887
1671082194,-22.36099796583223,139.6743066623993
1671087788,-21.182601357363758,139.21788854309028
1671069500,-24.72949096727815,139.57965575719788
1670994414,-25.58921992083944,141.4106122539787
1671001147,-25.711875356732445,140.1712160219914
1670993254,-25.442315009449377,141.59466483121292
1671071649,-24.241862197337607,139.44676433514462
1671001233,-25.708142141821337,140.14979451314477
1671067558,-25.197368328945142,139.55746211613877
1671074606,-23.560439827247283,139.62720400425667
1671087839,-21.17595951197881,139.23122127055018
1670996338,-25.720105623720606,141.02498514320968
1671087773,-21.184594692656393,139.21389182289042
1671071956,-24.169214627642607,139.48650098199494
1670996731,-25.709483097526952,140.9244722386588
1671070377,-24.525933275509882,139.55952091310533
1671072553,-24.034825987804393,139.55824920553135
1670993795,-25.524646922784665,141.54525910800663
1670996015,-25.721698751779304,141.10021453347014
1671066016,-25.53319097217721,139.41336705482354
1671004787,-25.73957427922262,139.8571643954898
1671085370,-21.677453130573376,139.353634397707
1671076096,-23.22938584803775,139.71560560032202
1671005406,-25.78299755516777,139.71901522137424
1671066325,-25.457935223803315,139.44815231215662
1671084011,-21.86839895596633,139.58692698971382
1671067818,-25.131454456379803,139.58870073032153
1671066151,-25.5027064754936,139.43475822436048
1671086526,-21.46076737863925,139.1527921739577
1671085807,-21.641884779605608,139.2505590607176
1671004001,-25.75498997120494,139.88741525630098
1671069468,-24.737714788158975,139.58275000708286
1671075526,-23.3630661153995,139.67899154299883
1671064591,-25.878644411441588,139.35146529102812
1671005712,-25.799931962209286,139.6634697636558
1671088178,-21.11241205016809,139.2950658372646
1671080497,-22.792110334848836,139.80943365513835
1671005398,-25.783056763096177,139.72113414674956
1671087078,-21.337214160368823,139.118214051573
1670991621,-25.37497667613068,141.77305494962272
1671062755,-26.032857750604386,139.3872124941915
1670993256,-25.442846213709615,141.59435076519912
1671082272,-22.33927238306656,139.67681789786621
1670997777,-25.742679538933015,140.73201994770704
1671064690,-25.853872147668678,139.34580432588456
1671084951,-21.697616236025386,139.46351302826386
1671076857,-23.034677060870987,139.79564891108166
1671088214,-21.107568323162344,139.30448887139528
1671063010,-25.97996210940738,139.37038766535943
1671086568,-21.45057677200241,139.14619352061544
1671081874,-22.4457142829674,139.65647681550675
1671063215,-25.93287976025866,139.3722366548404
1671075481,-23.371682901660712,139.67210445454316
1671065532,-25.639244291805838,139.34832186843417
1671083534,-21.99873205529549,139.5920873938279
1671073690,-23.774219592226906,139.58774970009495
1671066682,-25.368896842790477,139.48843098139014
1670994319,-25.57808517255455,141.42499779371988
1671080545,-22.781718912951824,139.799984556352
1671075215,-23.415941061676392,139.65391483126092
1671084521,-21.73075941996701,139.5510074799815
1671076696,-23.075315931426836,139.77328959188415
1671070592,-24.476164191809417,139.5293442227611
1671066400,-25.440555176046722,139.4596868631836
1671071812,-24.202533314675215,139.4607854147725
